"company","companyLogo","description","externalApplyLink","id","jobType","jobType/0","jobType/1","jobType/2","jobType/3","location","positionName","postedAt","rating","reviewsCount","salary","scrapedAt","url"
"The Bakeologists",,"The Bakeologists is a multi site modern inner city Bakery/Cafe looking to add a couple of bakery/cafe FOH all rounders to join our team.
We have multiple job opportunities due to business expansion and our new shop opening in The Gap. This store is due to open first week of March and training will take at The Bakeologists New Farm from now until The Bakeologists The Gap shop opens.
We are looking for people that are positive and energetic with a can do attitude. The latest our shops close is 5pm (approximate 5:30pm finish) so there are no late nights with this role. (We can discuss availability of shifts).
We are a successful multi site business with a strong and consistent customer base and a loyal longserving team. A quality driven business, our focus is on quality product, service and operations.
Day to day duties include, customer service, shop front merchandising, coffee making and standard everyday hospitality business cleaning.
The positions are open to all ability experience levels, new to the workforce or highly experienced. Unfortunately the positions aren't open to working holiday makers, we are looking for longer term team members.
If you're after a professional, consistent, stable, friendly workplace, apply now.
Please include a cover letter with which your role you would like to apply for, location and why we should have you in our team.
Job Types: casual
Salary: $25,023.00 – $40,000.00 per year
Job Types: Full-time, Part-time, CasualPart-time hours: 30 per week
Salary: $21.00 – $40.00 per hour
Schedule:

 Flexible hours
 Weekend availability

Ability to commute/relocate:

 NEW FARM, QLD 4005: Reliably commute or planning to relocate before starting work (Required)

Work Authorisation:

 Australia (Preferred)

Work Location: One location",,"376f42b3a093b325",,"Full-time","Part-time","Casual",,"The Gap QLD 4061","Bakery cafe all rounder","3 days ago",,,"$21 - $40 an hour","2023-02-04T16:02:21.445Z","https://au.indeed.com/company/The-Bakeologists/jobs/Bakery-Cafe-Rounder-376f42b3a093b325?fccid=cfdf762cf53e0763&vjs=3"
"Sharpe Hospitality Enterprises",,"We are looking for experienced and skilled baristas & cafe floor staff.
Job Types: Full-time, Part-time, Casual
Salary: $21.53 – $35.95 per hour
Schedule:

 Day shift
 Morning shift

Experience:

 Barista (Required)
 Food handling (Preferred)

Licence/Certification:

 RSA (Preferred)

Work Authorisation:

 Australia (Preferred)

Shift availability:

 Day Shift (Preferred)

Application Deadline: 08/02/2023Expected Start Date: 15/02/2023",,"9aa30ef12b1504c1",,"Full-time","Part-time","Casual",,"Newstead QLD 4006","Barista/All Rounder","3 days ago",,,"$21.53 - $35.95 an hour","2023-02-04T16:02:21.599Z","https://au.indeed.com/company/Sharpe-Hospitality-Enterprises/jobs/Barista-Rounder-9aa30ef12b1504c1?fccid=9a943ac04e56d92f&vjs=3"
"CACHE CACHE","https://d2q79iu7y748jz.cloudfront.net/s/_logo/a2433d11d0a9534fee4e1e30f7bd2310","Cache Cache Café is searching for experienced Barista to join our team!
What’s in it for you?

 Awards rate up to $38 per hour on weekends!


 Immediate start


 Full/Part time available 20-38 hours a week.


 Flexible hours arrangements

What do you need?
* Available on Friday Saturday Sunday
* Have proven work experience for a minimum of 2 years in a busy café or restaurant
* Have the ability to work in a team
* Be fun and outgoing and have a true passion for what you do
* Be an all-rounder
Job Types: Part-time, CasualPart-time hours: 20 per week
Salary: $26.00 – $34.00 per hour
Benefits:

 Free drinks
 Free food

Schedule:

 8 hour shift
 Morning shift
 Weekend availability

Ability to commute/relocate:

 Rochedale QLD: Reliably commute or planning to relocate before starting work (Required)

Application Question(s):

 Can you do basic latte art?

Experience:

 Barista: 1 year (Preferred)
 Customer service: 1 year (Preferred)
 Food handling: 1 year (Preferred)

Work Authorisation:

 Australia (Preferred)
",,"acdf87ab5f757c7e",,,,,,"Rochedale QLD","Barista/All Rounder","5 days ago",,,"$26 - $34 an hour","2023-02-04T16:02:22.516Z","https://au.indeed.com/company/CACHE-CACHE/jobs/Barista-Rounder-acdf87ab5f757c7e?fccid=d2a40dadaecb25a7&vjs=3"
"Unkempt",,"We are seeking outgoing, energetic individuals that love a busy, fast paced environment.
The position available is for front of house service & coffee/back of house food prep 15hrs/week to start. Applicants must be available to work weekends.
As we are a small team you will be required to learn all jobs in the cafe including service, coffee, sandwich prep & basic cooking.
Coffee knowledge & prior cafe experience is essential, prior food handling experience is preferred.
If you are a personable individual who enjoys a chat with customers and working within a small friendly team send us through your resume.
Job Type: Casual
Salary: $22.00 – $28.00 per hour
Benefits:

 Employee discount

Schedule:

 Day shift
 Morning shift
 Weekend availability

Supplemental pay types:

 Penalty rates

Experience:

 Barista: 1 year (Preferred)
 Customer service: 1 year (Preferred)
 Food handling: 1 year (Preferred)

Work Authorisation:

 Australia (Preferred)

Work Location: One location",,"864a1600d3f2b574",,"Casual",,,,"Rochedale QLD 4123","Barista/All Rounder","5 days ago",,,"$22 - $28 an hour","2023-02-04T16:02:23.344Z","https://au.indeed.com/company/Am-&-CK-co.-Pty-Ltd/jobs/Barista-Rounder-864a1600d3f2b574?fccid=ce493e6ad338a62f&vjs=3"
"Muffin Break",,"Love spending your mornings surrounded by the smell of freshly baked muffins and products? Then we have an exciting opportunity for you at our new Muffin Break Chermside store.
Flexible availability is essential as weekend work may be required
Baristas/Cafe All Rounders
If you enjoy the hustle and bustle of a busy cafe and enjoy getting to know your customers, then Muffin Break is just the place.
We are looking for energetic baristas and cafe all rounders to join our team and hit the ground running. Customer service and cash handling are all part of this role. Experience is highly regarded, however, full training is also provided. This position will require early starts, weekend work, and a flexible availability.
Job Types: Part-time, CasualPart-time hours: 10-25 per week
Salary: From $22.00 per hour
Schedule:

 Afternoon shift
 Day shift
 Morning shift
 Weekend availability

Ability to commute/relocate:

 Chermside, QLD: Reliably commute or planning to relocate before starting work (Preferred)

Experience:

 Barista: 1 year (Required)
 Customer service: 1 year (Required)
 Food handling: 1 year (Preferred)

Work Authorisation:

 Australia (Required)
",,"468e6094c5a4d1fc",,"Part-time","Casual",,,"Chermside QLD","Barista/Customer","5 days ago",,,"From $22 an hour","2023-02-04T16:02:23.928Z","https://au.indeed.com/company/Jamaica-Blue-Caneland-Central/jobs/Barista-Customer-468e6094c5a4d1fc?fccid=f6581ce5b711706c&vjs=3"
"The Bagel Boys Pty Limited",,"We are looking for an experienced and enthusiastic Cafe Allrounder for our busy cafe/takeaway stores, where uniformity and consistency is necessary.
The ideal candidate will need to be able to work within a fast-paced friendly team and have excellent customer service skills.
The hours are predominately Monday to Friday daytime hours, some afternoon shifts and weekends when required.
Please send us your CV along with a brief description of why you think you will fit right in with The Bagel Boys.
Work Remotely

 No

Job Types: Full-time, Part-time, Casual
Schedule:

 Day shift
 Monday to Friday

Experience:

 Cafe Allrounder: 1 year (Required)

Language:

 English (Required)

Work Location: One location",,"1f5a509055b36495",,"Full-time","Part-time","Casual",,"Brisbane QLD 4000","Cafe all rounder","5 days ago",,,,"2023-02-04T16:02:24.039Z","https://au.indeed.com/company/The-Bagel-Boys/jobs/Cafe-Rounder-1f5a509055b36495?fccid=e50de672604f0667&vjs=3"
"Table 26 Indooroopilly",,"Table 26 was established with the “Eat, Drink, & Love Life” philosophy back in 2017. This is the owner’s, Amit, dad’s philosophy. After Amit’s dad passed away, Table 26 was born in his honour. We strive to create the best environment for our customers AND for our team members, just like Amit’s dad has done in their first cafe together. We believe that happy employees equals happy customers.
As a barista all rounder, your day-to-day duties will include (but not limited to)

 Opening and closing of the cafe
 Greeting and serving customers and maintaining a friendly presence
 Making coffees, cold drinks and preparing cakes & pastries
 All rounder duties that includes but not limited to clearing tables, washing dishes, taking the bins out, cleaning, table service
 Keeping tabs on the stock levels and reporting to the manager - also responsible for ordering
 Building rapport with regular customers

To be successful in this role, you need

 Experience in coffee making in a medium to fast paced environment for a minimum of 1.5 to 2 years
 Ability to adjust and maintain the coffee grind according to taste & recipe throughout the day
 Be able to make basic latte art (will provide further training for the right candidate)
 Ability to multitask while keeping a cool and friendly demeanour

We are looking for someone that we can UPSKILL and someone who wants to grow in the hospitality industry. We pay award rates (Restaurant Industry Award) and we provide growth opportunities for the right candidate. On top of growth opportunities and working with a great team, you also get to have delicious coffee and staff meal discounts.
We have 25 hours plus (can offer more or less depending on your availability) on offer to start with and are looking for a long-term team member. We look forward to hearing from you.
Job Types: Part-time, PermanentPart-time hours: 25 per week
Salary: $21.00 – $38.00 per hour
Benefits:

 Employee discount
 Employee mentoring program
 Free drinks

Schedule:

 8 hour shift
 Day shift

Supplemental pay types:

 Penalty rates

Ability to commute/relocate:

 Indooroopilly, QLD: Reliably commute or planning to relocate before starting work (Required)

Application Question(s):

 Are you available to work Sunday Monday Tuesday Wednesday Thursday? Please list the days you are available.

Experience:

 Barista: 2 years (Required)
 Customer service: 2 years (Required)

Work Authorisation:

 Australia (Required)

Application Deadline: 23/02/2023",,"dc25434452274157",,"Part-time","Permanent",,,"Indooroopilly QLD","Barista All Rounder","11 days ago",,,"$21 - $38 an hour","2023-02-04T16:02:24.452Z","https://au.indeed.com/company/Table-26/jobs/Barista-Rounder-dc25434452274157?fccid=7bbaf62f1b369a35&vjs=3"
"Allpress Espresso",,"About usA great experience means more than just a delicious flat white. A friendly encounter and a great cup of coffee has the ability to transform someone’s day. The knowledge and insight we have gained from running cafés around the world means we know what it takes to deliver a quality experience, day after day. Our cafés are working billboards, where we carefully & confidently show what make us… us.
About the roleWe are looking for a Café All Rounder to work permanently with us in our Brisbane Café on Thursdays and Fridays. We are open from 7am to 2pm and you will;

 Make coffee
 Serve customers
 Run food and drinks to tables
 Help keep the space clean and tidy

About youWe're after someone who has:

 Solid barista skills
 Great customer service skills
 A passion for coffee
 A can do attitude and willingness to pitch in and help the team

Working at AllpressIn addition to great company culture, we offer some nice staff perks including:

 As much free coffee as you like while at work plus beans to take home weekly
 A yearly salary with full benefits such as paid annual leave, carers leave etc
 A free and confidential Employee Assistance Program
 Learning & Development and Wellbeing allowances of up to $200 per year
 An unbeatable opportunity to gain or grow amazing coffee skills
 Genuine career progression within our global company

Diversity at AllpressAllpress is committed to being an inclusive organisation where all people feel valued, respected, and engaged. We pledge a commitment to:

 Building an inclusive team and community who represent all groups in society.
 Empowering our people to continuously improve the way we work and promote equity.
 Removing barriers and the influence of bias.
 Creating a safe environment where we’re encouraged to speak out against discrimination in any form.
 Cultivating a sense of belonging by encouraging our people to fearlessly bring their whole selves to work.

Job Type: Part-time",,"bb432205ec8d42f0",,"Part-time",,,,"East Brisbane QLD 4169","Cafe Allrounder","2 days ago",,,,"2023-02-04T16:02:24.622Z","https://au.indeed.com/rc/clk?jk=bb432205ec8d42f0&fccid=af1ce3cfe7c0c29e&vjs=3"
"Bellissimo Coffee",,"Are you:

 Passionate about COFFEE?
 Has experience in hospitality works or cafe work?

If the answer is YES, we are excited to give you a great news :
BELLISSIMO is Australia's Highest Awarded Coffee Roasters. We aim to give a perfect coffee to every customer while providing an experience they will never forget with exceptional customer service.
We are looking for staff members to take care our loyal customers :

 Minimum of 3 year barista experience for barista role (optional)
 Previous cafe enviroment is highly regarded
 Basic food preparation is an advantage
 Friendly, bubbly, can-do attitude and willing to work in team environment
 Able to work independently and autonomously

BENEFITS :

 A great opportunity to claim the management ladder. We are always promoting within our team.
 Staffs discounts for meals every shift and unlimited coffee of course
 Excellent training will be provided to develop our staffs horizons and career progression
 Weekend penalty rate
 We have multiple venues across Brisbane. Hours for staffs are never a problem

Extra effort to get noticed :
- Send us a cover letter specifically relating to this ad and tell us a little bit of who you are
WE WILL SEE YOU SOON!
Job Types: Full-time, Part-time, Casual, Permanent
Benefits:

 Employee discount
 Free drinks
 Profit sharing
 Visa sponsorship

Schedule:

 Day shift
 Morning shift

Supplemental pay types:

 Overtime pay
 Penalty rates
 Performance bonus
 Tips

COVID-19 considerations:
All following the recent government update
Experience:

 Barista: 3 year (Preferred)
 Customer service: 1 year (Preferred)
 Food handling: 1 year (Preferred)

Job Types: Full-time, Part-time, CasualPart-time hours: 20 per week
Salary: $22.50 – $35.21 per hour
Benefits:

 Employee discount

Schedule:

 8 hour shift
 Afternoon shift
 Monday to Friday
 Morning shift
 Public holidays
 Rotating roster
 Weekend availability

Supplemental pay types:

 Penalty rates
 Performance bonus

Ability to commute/relocate:

 Fortitude Valley, QLD 4006: Reliably commute or planning to relocate before starting work (Required)

Experience:

 Barista: 3 years (Preferred)
 Customer service: 1 year (Preferred)
 Food handling: 1 year (Preferred)

Work Authorisation:

 Australia (Required)
",,"257d23d58e1d73b1",,"Full-time","Part-time","Casual",,"Fortitude Valley QLD 4006","Barista and All Rounder","10 days ago",,,"$22.50 - $35.21 an hour","2023-02-04T16:02:25.058Z","https://au.indeed.com/company/Bellissimo-Coffee/jobs/Barista-Rounder-257d23d58e1d73b1?fccid=18f6f4a95ffea8e0&vjs=3"
"Le Bon Choix Bakery",,"Bonjour,
Le Bon Choix French bakery/patisserie, is looking for motivated Barista and all rounder to join our amazing team.
The following store locations are seeking team members:
Westfield Northlakes Shopping Centre
Casual positions being offered.
You must :
* Have a very good English level* Friendly and outgoing personality* Extremely organised* Flexible
* Having at least 2 years experience in hospitality* Excellent social skills* Dedication and pride in every task carried out* Have a love for hospitality* Have a ""can do"" attitude with a drive to deliver excellence in customer service* Be looking to work for a period of 6 months minimum.
* Barista is a big plus
Weekend work is involved.
If you don't have one of those requirements please DO NOT apply.
Submit your resume with a cover letter detailing why you want this position and why you are the best person for the job.
Merci
Job Type: Casual
Salary: $26.73 – $42.42 per hour
Schedule:

 8 hour shift

Ability to commute/relocate:

 Brisbane City QLD: Reliably commute or planning to relocate before starting work (Required)

Experience:

 Customer service: 1 year (Preferred)
 Barista: 2 years (Required)

Work Authorisation:

 Australia (Required)
",,"67c13bd0df546415",,"Casual",,,,"Brisbane QLD","Cafe service staff and Barista's at Brisbane CBD","4 days ago",,,"$26.73 - $42.42 an hour","2023-02-04T16:02:25.355Z","https://au.indeed.com/company/Le-Bon-Choix-Bakery/jobs/Cafe-Service-Staff-Barista-At-Cbd-67c13bd0df546415?fccid=a55573c59e464404&vjs=3"
"Table 26",,"About us
Table 26 Group is looking for an experienced Manager/ Barista All Rounder for our West End branch. We are looking for a customer-focused Manager that can provide the best service possible to our regulars and maintain a consistent standard of service. Table 26 was built on “Eat, Drink, & Love Life” values. We value work life balance and strive to create the best working environment possible.
Requirements

 Either a minimum of two years of experience as a Barista in Australia in a fast-paced cafe (Being Campos Coffee trained is a plus - but not required as we will further up-skill you) OR able to demonstrate the ability to produce consistently good shots following a recipe and texture milk perfectly to produce latte art in a fast paced environment.
 Rostering experience - MUST HAVE (Experience in Deputy rostering app is a plus).
 Ability to prioritise and make difficult decisions in fast paced environment
 Ability to professionally diffuse disgruntled customer situations with empathy and tact.
 Professional presentation, impeccable hygiene and high standards of cleanliness.
 Excellent customer service, with a friendly, happy demeanour.
 Effective problem-solving and troubleshooting experience.
 Proactive approach, with a ""can-do attitude"", genuine “care factor” and a “whatever it takes"" thinking
 Ability to lead the team by example and inspire the team to achieve great customer service goal together. 
 Punctual with excellent time-management and prioritising.
 All rounder skill set required (includes but not limited to): wait work, dishes, clean up & pack up, ordering, opening & closing.

Responsibilities

 Roster efficiently and meet labour cost target without compromising service
 Barista all-rounder duties
 Cash register reconciliation
 Supervise and lead fellow team members
 Stock control
 Customer feedback response
 Open & close the store
 Meet KPI targets

Benefits

 Employee discount
 Free drinks
 Professional growth opportunity within Table 26 Group

Job Type: Full-time
Salary: $55,000.00 – $65,000.00 per year
Benefits:

 Employee discount
 Professional development assistance

Schedule:

 Day shift
 Morning shift
 Weekend availability

COVID-19 considerations:Follow government advice. 
Ability to commute/relocate:

 West End, QLD 4101: Reliably commute or planning to relocate before starting work (Required)

Experience:

 Barista: 2 years (Required)

Work Authorisation:

 Australia (Preferred)

Shift availability:

 Day Shift (Preferred)

Application Deadline: 11/02/2023Expected Start Date: 09/02/2023",,"491dfef56db05a58",,"Full-time",,,,"West End QLD 4101","Cafe Manager","3 days ago",,,"$55,000 - $65,000 a year","2023-02-04T16:02:25.625Z","https://au.indeed.com/company/Table-26/jobs/Cafe-Manager-491dfef56db05a58?fccid=7bbaf62f1b369a35&vjs=3"
"SEGMENTX",,"A fast-paced, bustling cafe in the heart of Brisbane is seeking an experienced Cafe All Rounder to join their dynamic team. The ideal candidate will be a quick learner, have a passion for coffee and food, and be able to work in a fast-paced environment.
Responsibilities:

 Preparation of coffee-based beverages and light food items to a high standard
 Serving customers in a friendly and professional manner
 Maintaining a clean and organized work area
 Operating cash registers and processing customer payments
 Keeping track of stock levels and ordering supplies as necessary
 Assisting with kitchen duties, such as dishwashing and food preparation
 Providing excellent customer service and responding to customer inquiries and complaints

Requirements:

 Experience working in a cafe or similar environment
 Strong knowledge of coffee-based beverages and light food items
 Excellent customer service skills
 Ability to work well under pressure and multitask
 Strong attention to detail and ability to follow procedures
 Ability to work flexible hours, including weekends and evenings
 Ability to work well in a team environment

This is a full-time position with a competitive salary and benefits package. If you are a motivated and hardworking individual who is passionate about coffee and food, we encourage you to apply. Join a fun and dynamic team and grow your career in the hospitality industry.
Job Types: Part-time, CasualPart-time hours: 20 per week
Salary: $25.00 – $30.00 per hour
Benefits:

 Employee discount

Schedule:

 Flexible hours
 Overtime
 Rotating roster
 Weekend availability

Supplemental pay types:

 Overtime pay
 Performance bonus
 Tips

Ability to commute/relocate:

 Brisbane QLD: Reliably commute or planning to relocate before starting work (Preferred)
",,"75ab5b95f93e16af",,"Part-time","Casual",,,"Brisbane QLD","Cafe all rounder","2 days ago",,,"$25 - $30 an hour","2023-02-04T16:02:26.641Z","https://au.indeed.com/company/SegmentX/jobs/Cafe-Rounder-75ab5b95f93e16af?fccid=c6c59479c45f7ff5&vjs=3"
"Le Bon Choix Bakery",,"Bonjour,
Le Bon Choix is seeking a motivated and experienced cafe manager.
Location - Brisbane CBD
To be considered for the position you must have a minimum of 3 years experience in cafe management, and a proven track record. The following skills and personal attributes we are looking for:
* Enthusiastic team player* Strong leadership qualities* Friendly and outgoing personality* Extremely organised* Flexible all rounder* Excellent social skills* Able to acheive KPI's and write rosters* Dedication and pride in every task carried out* Have a love for hospitality and management* Clear understanding in café operations* Have a ""can do"" attitude with a drive to deliver excellence in customer service* Providing staff training and development
* Must have Barista experience and skills****
You must be able to follow set budgets and control wastage and sales ratios, weekly report, wage report as well as be able to integrate store rosters.
*Some weekend work is involved and full availability essential
Submit your resume with a cover letter detailing why you want this position and why you are the best person for the job. Please also note which store you're applying to.
Job Types: Full-time, Permanent
Schedule:

 8 hour shift

Ability to commute/relocate:

 Brisbane CBD

Work Authorisation:

 Australia (Preferred)

Thank you in advance.
Job Types: Full-time, Permanent
Salary: From $60,000.00 per year
Benefits:

 Employee discount

Schedule:

 Day shift

Supplemental pay types:

 Performance bonus

Application Question(s):

 How many years of experience as a Barista ?

Work Authorisation:

 Australia (Required)
",,"617d6c75aaf301e8",,"Full-time","Permanent",,,"Brisbane QLD","CAFE TEAM LEADER - BRISBANE CBD","1 day ago",,,"From $60,000 a year","2023-02-04T16:02:26.942Z","https://au.indeed.com/company/Le-Bon-Choix-Bakery/jobs/Cafe-Team-Leader-617d6c75aaf301e8?fccid=a55573c59e464404&vjs=3"
"Bardon Thyme",,"WE ARE HIRING Junior staff!
We're looking for all rounder JUNIOR staff to join our friendly team at Bardon Thyme cafe in Bardon.
Weekend available
-Well presented and have exceptional customer service
We are looking for someone who is energetic, personable and has good communication skills.
If this sounds like you then we would love to have you on board!
Please email your CV and resume.
Job Type: Casual
Schedule:

 Flexible hours
 Weekend availability
",,"3d53fc9f8157054c",,"Casual",,,,"Bardon QLD 4065","Junior all rounder","2 days ago",,,,"2023-02-04T16:02:27.447Z","https://au.indeed.com/company/Bardon-Thyme/jobs/Junior-Rounder-3d53fc9f8157054c?fccid=a03d3322baa20f2d&vjs=3"
"Hannah Business Trust",,"Brisbane City Cafe is looking for a great FOH person who can assemble our amazing gourmet sandwiches and serve our home made treats from the display.
You need to be presentable with a happy disposition and great work ethic.
You will be part of a small professional team that all deliver awesome food and Coffee.
Please attach a resume if you want to work with real foodie people.
Monday to Friday
Breakfast and Lunch
We start trials ASAP
Best job in hospitality
Job Types: Casual, Full-time, Part-time, PermanentPart-time hours: 35 per week
Salary: $25.00 – $28.00 per hour
Schedule:

 Day shift
 Monday to Friday
 No weekends

Experience:

 Cafe: 1 year (Preferred)
 Food handling: 1 year (Preferred)
 Barista: 1 year (Preferred)

Work Authorisation:

 Australia (Preferred)

Work Location: One location",,"c707e2dae6af212c",,"Full-time","Part-time","Casual","Permanent","Brisbane QLD 4000","Café All Rounder / Barista","26 days ago",,,"$25 - $28 an hour","2023-02-04T16:02:29.335Z","https://au.indeed.com/company/LA-LUCA/jobs/Caf%C3%A9-Rounder-c707e2dae6af212c?fccid=1c7b4c54cc92f302&vjs=3"
"Shingle Inn",,"The Shingle Inn has an exciting opportunity for an experienced Café Supervisor to lead a team and work within a well-established national café brand. Join our fun and fast paced team showcasing your leadership skills, passion for customer service and your fantastic organisational skills!
With over 85 years experience Shingle Inn is a truly unique cafe, serving our handmade, decadent cakes, delicious food and superior coffee! We are committed to providing superior products and exceptional customer service.
Job tasks and responsibilities:

 Maintaining an exceptionally high standard of customer service
 Ensuring quality control is maintained on all food and drink products
 Maintain and implement marketing campaigns, displays and sales techniques
 Cash management including reconciliations & banking
 Stock control and conducting regular stocktakes
 Maintaining strong team motivation and ongoing team training & development
 Adhering to and monitoring Workplace Health and Safety standards
 Manage daily operational needs including food costs, wage costs & other expenses

To be successful, you will:

 Have a ‘can do’ attitude that strives to exceed customer expectations
 Have a minimum of 2 years’ experience as a Café Supervisor
 Strong Barista skills and all-rounder skills
 Have demonstrable skills in leading and motivating a team
 Be available across a 7-day roster

If you’re passionate about coffee, the hospitality industry and share our commitment to fantastic customer service, we encourage you to apply.
Please include a cover letter outlining your supervisor experience.
Job Type: Full-time
Benefits:

 Professional development assistance

Schedule:

 8 hour shift
 Rotating roster
 Weekend availability

Supplemental pay types:

 Penalty rates
",,"eec5bc5e5bed6848",,"Full-time",,,,"Brisbane QLD","Café Supervisor - Shingle Inn Capalaba","30+ days ago",,,,"2023-02-04T16:02:29.634Z","https://au.indeed.com/company/Shingle-Inn---Myer-Centre/jobs/Caf%C3%A9-Supervisor-eec5bc5e5bed6848?fccid=2c3a0360aa499169&vjs=3"
"Mi Casa Cafe",,"HEY EVERYONE,
We are looking for an experienced Cafe All-Rounder to work in our Juice Bar. We’re searching for someone to join our amazing team on weekdays and weekends and have open availability to work shifts between 6.30am to 3pm OR 3pm to 12am.
What we're looking for in a candidate:
- Must have a passion for hospitality and enjoy bonding with customers
- Must be able to work independently and have good working pace
-Must work in a clean and efficient manner and be willing to help the team in other departments
- Must have amazing customer service
You will be making, decorating and serving a range of juices and smoothies. As well as serving customers and keeping the cafe looking presentable.
We look forward to meeting you!
Job Types: Part-time, Permanent, CasualPart-time hours: 20 - 40 per week
Salary: $48,000.00 – $54,000.00 per year
Benefits:

 Employee discount

Schedule:

 Afternoon shift
 Evening shift
 Monday to Friday
 Morning shift
 Night shift
 Weekend availability

Ability to commute/relocate:

 Underwood, QLD 4119: Reliably commute or planning to relocate before starting work (Required)

Work Authorisation:

 Australia (Preferred)
",,"9243f0c873ef7e92",,"Part-time","Casual","Permanent",,"Underwood QLD 4119","Juice & Smoothie Maker","22 days ago",,,"$48,000 - $54,000 a year","2023-02-04T16:02:30.824Z","https://au.indeed.com/company/Mi-Casa-Cafe/jobs/Juice-Smoothie-Maker-9243f0c873ef7e92?fccid=848c8e0a9554737e&vjs=3"
"My Chef Trust",,"Little Café in the heart of Brisbane CBD is looking for a Front of House All Rounder.
You will be taking orders, working the cash register and running food and drinks.
We also make and plate up our gourmet sandwiches and salads.
If you love making people happy and delivering delicious food and outstanding coffee then join our professional little team.
Monday to Friday
Breakfast and Lunch
No Weekends!!
Best job in Hospitality
Job Types: Full-time, Part-time, CasualPart-time hours: 35 per week
Salary: $25.00 – $28.00 per hour
Schedule:

 Day shift

Experience:

 Food preparation: 1 year (Preferred)
 Cafe: 1 year (Preferred)
 Barista: 1 year (Preferred)

Work Authorisation:

 Australia (Preferred)
",,"0eaf78a6e2f0391d",,"Full-time","Part-time","Casual",,"Brisbane QLD","Café All Rounder","26 days ago",,,"$25 - $28 an hour","2023-02-04T16:02:31.150Z","https://au.indeed.com/company/My-Chef-Trust/jobs/Caf%C3%A9-Rounder-0eaf78a6e2f0391d?fccid=9dc12327b884f5ff&vjs=3"
"Nomad Coffee Group",,"Introduction:
 Who is Veneziano Coffee Roasters? 

 We’re a progressive, dynamic and pioneering coffee roasting business with passion and drive, energised by the shared ambitions of our team and coffee community. Within our industry, the Veneziano name is synonymous with knowledge, experience, and innovation. 

 
Description:
 What's the Opportunity? 

 If you’re after a hands-on Warehouse-based role in a busy, dynamic and welcoming business located in handy West End then keep reading… 

 The West End Driver and Team Allrounder will primarily execute delivery and distribution tasks and provide support for the Operations team across Warehousing and Production tasks when not on the road. 

 What skills and knowledge do I need? 

 We'd love someone with previous experience in a FMCG warehousing and dispatch environment but ultimately we're after someone who is reliable, physically fit, and results-driven as well as being able to work independently and in a team environment. 

 Experience with NetSuite or similar ERP is very advantageous. 

 As this is a customer-facing delivery role, it is crucial that the succesful candiate has a customer-first attitude, and a full driver's licence. A forklift licence is also desirable. 

 
In addition to this, our successful candidate will also:
 
 
 Love customer service and want to build a rapport with people and our customers; 
 The ability to go beyond delivery goods by developing relationships and promote our brand; 
 Have pride in their apperance and the brand; 
 Have great time management, communication and organisational skills; 
 Highly motivated with the ability to multitask and complete assignments within time constraints, deadlines and priorities. 
 You will be responsible for the following; 

 
 
 Delivering fresh coffee to customers using the company van; 
 Accurate picking of stock; 
 Checking and inspecting goods received and dispatched and ensuring they are of accurate and of acceptable quality; 
 Maintain the cleanliness of the company van; 
 Communicate any customer issues to customer service; 
 Deliver goods in a safe and timely manner; 
 Receiving, moving, checking and storing incoming goods; 
 Packing and labelling products, such as coffee for dispatch; 
 Picking, packing and preparing goods for delivery; 
 Loading and unloading delivery vans, and dispatch courier trucks; 
 Stock rotation; 
 Assisting the team in weekly cleaning and maintenance schedules. 
 
What we’re offering:
 This opportunity gives you the chance to join a tight-knit team and growing business where you opportunities for growth and development are uncapped. With a focus on work-life balance, a company that genuinely cares about your wellbeing, and the stability of a business that continues to expand and thrive. In addition to this we offer: 

 
 
 Being part of a strong global business with expansion plans; 
 The opportunity to join a business with a focus on sustainability and well-being; 
 Generous discounts on coffee, coffee equipment, and at leading cafes; 
 Quarterly and EOY staff appreciation program; 
 Access to our Employee Assistance Program; 
 Most importantly - Work/life balance; 
 Paid Parental Leave and Paid Volunteer Time Off 
 Employee Wellbeing Program 
 If this sounds like you, send us an application with a cover letter telling us a bit about yourself plus a resume detailing your relevant experience. 

 There is plenty of opportunity for you to make your mark at Veneziano Coffee Roasters. 

 Inspired to be a part of the journey? Click apply now.",,"f0016501070f09dc",,"Full-time","Permanent",,,"West End QLD","Driver & Team All-Rounder","17 days ago",,,,"2023-02-04T16:02:31.329Z","https://au.indeed.com/rc/clk?jk=f0016501070f09dc&fccid=e5a6157a96457b78&vjs=3"
"The Green Edge",,"We are looking for an experienced barista/cafe all-rounder to join our team. The role will be a mix of barista work/smoothies/juices & customer Table service.
15 - 30 flexible hours available including weekends but no evenings. An immediate start is available for the right candidate.
The successful candidate will:

 Have a passion for Plant based foods
 Have high energy, and a positive mind-set
 Value good customer service
 Have a genuine smile and a natural ability to connect with people
 Be able to work within a dynamic and fast-paced environment
 Have the ability to follow a sequence of service (training is provided)
 Be a real team player and be prepared to assist wherever required
 Barista experience essential
 Table service experience preferable but not essential
 Be flexible, with availability to work around peak hours

Job Type: Casual
Salary: $27.00 – $32.00 per hour
Benefits:

 Employee discount

Schedule:

 Day shift

Experience:

 Barrista: 1 year (Required)

Work Authorisation:

 Australia (Required)

Work Location: One location",,"834761da9f4add15",,"Casual",,,,"Windsor QLD 4030","Barista/Café All-rounder","29 days ago",,,"$27 - $32 an hour","2023-02-04T16:02:32.120Z","https://au.indeed.com/company/The-Green-Edge/jobs/Barista-Caf%C3%A9-Rounder-834761da9f4add15?fccid=2f4dd3b67a229ef8&vjs=3"
"Shingle Inn",,"Are you a people person who loves to help and delight customers using your outstanding customer service skills? Do you enjoy working in a fun and fast paced team environment?
We are seeking a Casual and Part time Café All-Rounders with barista and Kitchen Hand experience to work in our Shingle Inn Store. If you have a passion for customer service, good organisational skills and enjoy working in a fast paced café environment we encourage you apply.
With over 85 years experience Shingle Inn is a truly unique café, serving our handmade, decadent cakes, delicious food and superior coffee! We are committed to providing superior products and exceptional customer service.
All-rounder duties include:

 Providing quick, efficient and polite service at all times
 Promoting and upselling all stock available for purchase
 Developing and expanding your barista knowledge and skills
 Using the point of sale system and cash handling duties
 Constant communication with all team members to ensure service is reaching optimum levels
 Preparing café style menu selections and using kitchen equipment
 Conducting general cleaning duties
 Ensure compliance of workplace, health and safety, and other legislative requirements

To be successful, you will:

 Be committed to delivering exceptional customer service and exceeding your customers' expectations
 Have excellent communication skills
 Be willing to be trained and work in all areas of the cafe
 Be excited about working in a dynamic & busy cafe environment
 Have a passion for great coffee, great food and great service!
 Must have full availability across a 7-day roster
 And finally, have a positive 'can do' attitude and love working as part of a team

Shingle Inn offers an exciting range of roles and career opportunities with a commitment to ongoing training and development. We promote an inclusive and diverse friendly team environment and family culture.
If you’re passionate about coffee, the hospitality industry and share our commitment to fantastic customer service, we want to hear from you. APPLY NOW!!
Job Type: Junior and Senior Positions available
Job Types: Part-time, Casual
Schedule:

 Flexible hours
 Weekend availability
",,"e90fa0058efa7b1a",,"Part-time","Casual",,,"Brisbane QLD 4000","Cafe All-Rounder - Shingle Inn","30+ days ago",,,,"2023-02-04T16:02:32.443Z","https://au.indeed.com/company/Shingle-Inn---Myer-Centre/jobs/Cafe-Rounder-e90fa0058efa7b1a?fccid=2c3a0360aa499169&vjs=3"
"Raw Energy Café",,"About Raw Energy:
Real food, real friends and real experiences.
At our cafes, you’ll find artisan coffee, friendly service, nutritious & delicious food, and relaxed coastal vibes.
From all-day breakfast to burgers, Acai bowls, smoothies, salads and juices, our menu has you sorted. We specialise in options for Vegan, Vegetarian, Gluten-Free and more.
No night shifts! No late finishing times!
Job Position: Barista / all rounder
Availability: weekends and 1 week day
Competitive rates!
Shift hours between 7:00 - 15:00
Location: 100, Edward street - Brisbane CDB
Main tasks:

 Ensure organisation and cleaning standard procedures
 Adhere to recipes and presentation for beverage
 Making coffees (able to handle busy moments)
 Making Smoothies and fresh juices adhering to recipes
 Taking orders
 Processing customer's payment
 Be punctual and reliable
 Speak and interact with both new and regular customers ensuring the best customer service experience
 Ensuring all Health & Safety procedures
 Be pro active
 Quick-thinking and can-do attitude
 Exceptional customer service skills

Certificates: COVID Vaccination

 Certificate III in Hospitality or previous experience in the same position is desired

Job Type: Casual
Salary: $27.00 – $34.86 per hour
Benefits:

 Free drinks

Schedule:

 Afternoon shift
 Day shift
 Flexible hours
 Morning shift

Work Location: Hybrid remote in BRISBANE CITY, QLD 4000",,"e0b3d06fab581f5b",,,,,,"Brisbane QLD 4000","Barista/All Rounder","16 days ago","4.7","3","$27.00 - $34.86 an hour","2023-02-04T16:02:32.659Z","https://au.indeed.com/company/Raw-Energy-Caf%C3%A9/jobs/Barista-Rounder-e0b3d06fab581f5b?fccid=852950cd510fad6e&vjs=3"
"Bardon Thyme",,"WE ARE HIRING FOH / all rounder!
We're looking for front of house / all rounder to join our friendly team at Bardon Thyme cafe in Bardon.
Casual Role
-Monday to Sunday shift available, Flexible rosters
-Well presented and have exceptional customer service
Pay casual award rate+super -We pay weekely
We are looking for someone who is energetic, personable and has good communication skills.
If this sounds like you then we would love to have you on board!
Please email your CV and resume.
Job Type: Casual
Schedule:

 Flexible hours
 Monday to Friday
 Weekend availability

Ability to commute/relocate:

 Bardon, QLD: Reliably commute or planning to relocate before starting work (Required)

Experience:

 All rounder: 1 year (Preferred)
",,"d7b23f948c5ba1b3",,"Casual",,,,"Bardon QLD","Front of House All-Rounder","19 days ago",,,,"2023-02-04T16:02:32.839Z","https://au.indeed.com/company/Bardon-Thyme/jobs/Front-House-Rounder-d7b23f948c5ba1b3?fccid=a03d3322baa20f2d&vjs=3"
"Gelare Cafe",,"Barista/ Cafe all rounder are responsible in making coffees and smoothies, cooking breakfast, waffles and pancakes, and scooping ice creams and
They are responsible for serving and charging customers
Responsible in cleaning dining tables and chairs
Can work independently
Job Type: Casual
Benefits:

 Employee discount

Schedule:

 Afternoon shift
 Evening shift
 Flexible hours
 Night shift
 Public holidays
 Rotating roster
 Shift work
 Weekend availability

Work Location: One location
Expected Start Date: 24/01/2024",,"f467fac38e304c05",,"Casual",,,,"South Brisbane QLD 4101","Barista/Café All-rounder","14 days ago",,,,"2023-02-04T16:02:33.637Z","https://au.indeed.com/company/Gelare-Cafe/jobs/Barista-Caf%C3%A9-Rounder-f467fac38e304c05?fccid=f13d6f726ba2c543&vjs=3"
"Espresso SQ",,"Espresso SQ Cafe is looking for an experienced Barista/all rounder who has passion and drive for the industry and is a team player with a positive attitude.
Applicants must:
-Possess excellent customer service skill
-Have a minimum of one year's experience on the coffee machine
-Be able to spin quality milk and pour beautiful latte art
-Be comfortable with Mythos and grind adjustments
Offering 35-40 hours a week Monday-Friday. No evening or weekend work, the perfect role for work/life balance. Immediate start, holding trials this week.
Job Types: Full-time, Permanent, Casual
Salary: $25.00 – $35.00 per hour
Schedule:

 8 hour shift
 Afternoon shift
 Day shift
 Morning shift

Experience:

 Barista: 1 year (Required)
 Customer service: 1 year (Preferred)
 Food handling: 1 year (Preferred)

Work Authorisation:

 Australia (Preferred)

Work Location: One location",,"a1002860df61e070",,"Full-time","Casual","Permanent",,"Brisbane QLD 4000","Barista/All Rounder","3 days ago",,,"$25 - $35 an hour","2023-02-04T16:02:33.857Z","https://au.indeed.com/company/Espresso-SQ/jobs/Barista-Rounder-a1002860df61e070?fccid=fc3fa2b7e28b5791&vjs=3"
"Le Bon Choix Bakery",,"Bonjour,
Le Bon Choix French bakery/patisserie, is looking for motivated Barista and all rounder to join our amazing team.
The following store locations are seeking team members:
Westfield Chermside Shopping Centre
Casual positions being offered.
You must :
* Have a very good English level* Friendly and outgoing personality* Extremely organised* Flexible
* Having at least 2 years experience in hospitality* Excellent social skills* Dedication and pride in every task carried out* Have a love for hospitality* Have a ""can do"" attitude with a drive to deliver excellence in customer service* Be looking to work for a period of 6 months minimum.
* Barista is a big plus
Weekend work is involved.
If you don't have one of those requirements please DO NOT apply.
Submit your resume with a cover letter detailing why you want this position and why you are the best person for the job.
Merci
Job Type: Casual
Salary: $26.73 – $42.42 per hour
Schedule:

 8 hour shift

Ability to commute/relocate:

 Chermside QLD: Reliably commute or planning to relocate before starting work (Required)

Experience:

 Customer service: 1 year (Preferred)

Work Authorisation:

 Australia (Preferred)
",,"12979988b3552655",,"Casual",,,,"Chermside QLD","Cafe service staff and Barista's at Chermside","11 days ago",,,"$26.73 - $42.42 an hour","2023-02-04T16:02:35.927Z","https://au.indeed.com/company/Le-Bon-Choix-Bakery/jobs/Cafe-Service-Staff-Barista-At-12979988b3552655?fccid=a55573c59e464404&vjs=3"
"Muffin Break",,"We are a small cafe bakery store, providing premium coffee, fresh muffin, and savory food. We are located at Indooroopilly Shopping Centre.
We are hiring a cafe customer service, taking orders, making cold drinks, and toasties, washing and clean.
15-12hrs per week
fexlible schedules
casual or partime
friendly and reliable
1 year service experience
Day Shift
Job Types: Part-time, CasualPart-time hours: 15-20 per week
Salary: $21.02 – $30.00 per hour
Schedule:

 8 hour shift
 Day shift

Ability to commute/relocate:

 Indooroopilly, QLD 4068: Reliably commute or planning to relocate before starting work (Required)

Work Authorisation:

 Australia (Preferred)
",,"de44a7550ae42226",,"Part-time","Casual",,,"Indooroopilly QLD 4068","Cafe all rounder","30+ days ago",,,"$21.02 - $30.00 an hour","2023-02-04T16:02:36.558Z","https://au.indeed.com/company/Indooroopilly-Shopping-Center-Food-Court/jobs/Cafe-Rounder-de44a7550ae42226?fccid=05da758116c054f4&vjs=3"
"Fryhard",,"We are looking for an experienced, attention to detail and highly motivated short order cook.
You must be available to accommodate a 7 day roster.
What are the main duties and requirements?
You will be making and preparing burgers, fish and chips, salads, sauces and hotbox items such as chiko rolls, sea scallops, spring rolls etc.You will be performing food prep on fresh fish, vegetables and condiments.You will be ensuring the kitchen is always at a high standard of hygiene and cleanliness.You will be providing Customer Service (taking orders) both face to face and over the phoneYou will be required to have knowledge of food safety.You will be performing general cleaning dutiesYou must be able to work at CarseldineLive close by or have own transportThis position would be perfect for an experienced cook or cafe all rounder who loves working with food and looking for long term employment within our team at Fryhard.
What skills, knowledge and attitude do I need?
Our store is extremely high volume during dinner service and weekends therefore you must have previously worked in a similarly busy cafe or takeaway shop for at least 1 years as a short order cook with a strong ability to work under pressure and communicate clearly.
Trading hours are as follows:
Monday: 11:30am to 7:30pmTuesday to Thursday: 11:00am to 8:00pmFriday to Saturday: 11:00am to 8:30pmSunday: 11:00am to 7:30pm
Job Types: Part-time, PermanentPart-time hours: 25-38 per week
Salary: $55,000.00 – $70,000.00 per year
Benefits:

 Employee discount

Schedule:

 Rotating roster

Supplemental pay types:

 Penalty rates

Experience:

 Short Order Cooking: 1 year (Preferred)
 Customer service: 1 year (Preferred)
",,"732bb94101fcab48",,,,,,"Carseldine QLD 4034","Part Time Short Order Cook","30+ days ago",,,"$55,000 - $70,000 a year","2023-02-04T16:02:36.664Z","https://au.indeed.com/company/Fryhard/jobs/Short-Order-Cook-732bb94101fcab48?fccid=7903bf432f3f5db2&vjs=3"
"Bellissimo Coffee",,"Bellissimo Coffee is currently recruiting for Cafe All Rounder and Kitchen Hand. These roles will begin as casual with room to move into permanent roles with as part time or fulltime.Day shifts only. Prior experience is sort after, and rostering can be flexible to suit. Hourly rate will be based and experience and by the current award.
Starting time at 5:30am, finishes at 1.30pm.
You may be a person that would like to just do a Cafe All Rounder or someone that would like to progress into cooking for our simple breakfast menus, such as; toasting sandwiches, poached eggs, fried eggs and bacons.
This role is suitable for someone looking to gain experience in cooking roles.
This role is ready to be filled and shifts can begin from this week coming.
Job Types: Full-time, Part-time, Permanent, Casual
Part-time hours: 25-35 per week
Salary: $25.00 – $35.00 per hour
Benefits:

 Employee discount
 Free drinks
 Visa sponsorship

Schedule:

 8 hour shift
 Day shift
 Morning shift

Supplemental pay types:

 Overtime pay
 Penalty rates

COVID-19 considerations:
following recent government policy
Experience:

 Short Cook: 1 year (Preferred)
 Experience in kitchen hand or food prep (Preferred)

Work Authorisation:

 Australia (Preferred)

Other requirement:

 A student in hospitality studies (preferred)
 A student in cookery studies (preferred)

Job Types: Full-time, Part-time, CasualPart-time hours: 30 per week
Salary: $22.70 – $35.54 per hour
Benefits:

 Employee discount

Schedule:

 8 hour shift
 Afternoon shift
 Monday to Friday
 Morning shift
 Public holidays
 Rotating roster
 Weekend availability

Supplemental pay types:

 Penalty rates
 Performance bonus

Experience:

 Kitchen Hand/ Cook: 1 year (Preferred)

Work Authorisation:

 Australia (Preferred)
",,"7c2ea833c426b15b",,,,,,"Fortitude Valley QLD 4006","Cafe all rounder and Kitchen Hand","30+ days ago",,,"$22.70 - $35.54 an hour","2023-02-04T16:02:36.923Z","https://au.indeed.com/company/Bellissimo-Coffee/jobs/Cafe-Rounder-Kitchen-Hand-7c2ea833c426b15b?fccid=18f6f4a95ffea8e0&vjs=3"
"Taste My Bean",,"About the business
Come and join our friendly, supportive and energetic team that strive for perfection in customer experience and our products produced.
About the role:
We are looking for hard working and dedicated people to join our team. A busy store but a great opportunity for staff to get in depth training and grow with our business. Hours available will be between 3:30am and 6pm Monday to Sunday. Preferably those who have had previous cafe/ restaurant experience in a high volume, fast paced environment. Previous Drive thru experience is not a requirement but will be highly regarded. The role will be a true cafe all-rounder, including but not limited to customer interaction, food prep & service, cleaning tasks, P.O.S, coffee making and more.
We have up to 38 hours a week on offer for those who can perform to a high standard and display a positive work attitude.
Job Types: Full-time, Part-time, Casual
Salary: $25.00 – $30.00 per hour plus more on Saturday, Sunday and public holidays.
Benefits and perks:

 Plenty of room for growth and development.
 Supportive management team, in-depth training and flexible hours.
 Skills and experienced
 Employee discount on food and some beverages
 Free coffee on shift
 Professional development assistance

Opportunities for:

 Long or short shifts
 Afternoon shift
 Day shift
 Morning shift
 Fixed shift
 Flexible hours

Job Types: Full-time, Part-time, CasualPart-time hours: 38 per week
Salary: $23.00 – $35.00 per hour
Benefits:

 Employee discount
 Professional development assistance

Schedule:

 8 hour shift
 Afternoon shift
 Day shift
 Every weekend
 Fixed shift
 Flexible hours
 Morning shift
 Shift work

Supplemental pay types:

 Bonus
 Christmas bonus
 Penalty rates
 Performance bonus

Ability to commute/relocate:

 Hillcrest, QLD 4118: Reliably commute or planning to relocate before starting work (Required)

Work Authorisation:

 Australia (Preferred)
",,"17c3661dc69ae3f0",,"Full-time","Part-time","Casual",,"Geebung QLD 4034","Experienced Barista/ Cafe All Rounder","30+ days ago",,,"$23 - $35 an hour","2023-02-04T16:02:37.632Z","https://au.indeed.com/company/taste-my-bean/jobs/Experienced-Barista-17c3661dc69ae3f0?fccid=21774cfacb61aa7b&vjs=3"
"C2A PTY LTD",,"Who are you?

 Passionate with what you do!
 Keen to learn and preferably a fast learner
 Able to multi-task in a fast paced environment
 Positive attitude at work
 Great communication skills and can work as a team

Previous work experience in cafe is preferred. However if you don't have any experience and feel like this is something you can do, we offer training on the job and we are happy to hear from you.
What’s your day to day like? 

 Presenting your personal best at work with positive, and can-do attitude
 Serve your customers with customer-centric mindset
 Take orders at the counter and ensure the order and payment is entered correctly.
 Serve dishes for dine-in customers and clean up tables after customers have left
 Support the preparation before opening the shop and closing the shop.
 Maintain shop cleaniness
 Communicate with the team and work collaboratively.
 **Make coffees on order
 **basic drinks and food preparation on order (e.g making milk shake, toasted sandwiches)

Job Types: Part-time, Casual, Apprenticeship, GraduatePart-time hours: 18 per week
Salary: $20.96 – $25.00 per hour
Benefits:

 Employee discount
 Free drinks
 Free food

Schedule:

 8 hour shift
 Weekend availability

Supplemental pay types:

 Christmas bonus

COVID-19 considerations:All staffs are asked to be responsible for their own and other's health. If feeling unwell, we ask you to please stay at home. Masks are not mandatory however, we encourage social distance or wearing masks when necessary. Hand sanitisers are available.
Ability to commute/relocate:

 Woolloongabba, QLD 4102: Reliably commute or willing to relocate with an employer-provided relocation package (Preferred)

Work Authorisation:

 Australia (Required)
",,"8be483fa114929d9",,"Part-time","Graduate","Casual","Apprenticeship","Woolloongabba QLD 4102","Cafe all rounder/Barista","30+ days ago",,,"$20.96 - $25.00 an hour","2023-02-04T16:02:38.297Z","https://au.indeed.com/company/C2A-PTY-LTD/jobs/Cafe-Rounder-Barista-8be483fa114929d9?fccid=7b7162fe6bba2c03&vjs=3"
"Geebung RSL Club",,"Geebung RSL - Your Friendly Local Club
Your Time to Shine – New & Experienced Hospitality All Rounders

 Multiple positions available across food, beverage, gaming & more
 Casual or Part Time - Minimum 15 to 38 hours per week available
 Immediate start available – day, night and weekend shifts

Geebung RSL have multiple positions available in the following areas:

 Cafe Customer Service (Barista Coffee & Food)
 Cafe Pizza / Short Order Cook
 Restaurant Customer Service
 Chefs/Cooks & Kitchen Hands
 Bar Customer Service
 Gaming Customer Service
 TAB/KENO Customer Service

Geebung RSL is the friendly local club in Brisbane's Inner North with over 15,000 social club members. Rich in experiences, entertainment and tradition with great food, bars, coffee, live music, and a modern gaming room.
Geebung RSL is in the heart of the Geebung village hub conveniently close to public transport (train & bus) and with plenty of free parking for members and our amazing staff.
Employee Benefits include:

 Industry Award Rates + Penalty Rates + 10.5% Superannuation
 Free Social Club Membership for Life
 Fuel Discount Card
 Club Meal Discounts
 Club Uniform Supplied (Shirts)
 Health & Well-Being Support Program
 Customer Service, Culture & Skills Training Program
 Personal & Career Development Pathways

To be considered for a position the below qualifications/attributes will provide an advantage:

 Previous experience in hospitality or other customer service roles
 Must demonstrate a positive attitude, energy and resilience
 Must be a team player and be willing to learn & develop
 Bring professionalism, and a proven work ethic to the role

Please Submit your Application with a Current CV
Only successful applicants will be contacted to arrange an interview.
Geebung RSL is proudly an Equal Opportunity Employer
Job Types: Casual, Part-time
Salary: $25.00 – $35.00 per hour
Benefits:

 Employee discount
 Employee mentoring program
 Professional development assistance

Schedule:

 Shift work

Supplemental pay types:

 Penalty rates

Ability to commute/relocate:

 Geebung, QLD 4034: Reliably commute or planning to relocate before starting work (Required)

Experience:

 Hospitality: 1 year (Preferred)

Work Authorisation:

 Australia (Preferred)
",,"0753bb32b2691e07",,"Part-time","Casual",,,"Geebung QLD 4034","Hospitality Team Member","30+ days ago",,,"$25 - $35 an hour","2023-02-04T16:02:38.653Z","https://au.indeed.com/company/Geebung-RSL-Club/jobs/Hospitality-Team-Member-0753bb32b2691e07?fccid=6faa29175a4765e7&vjs=3"
"Muffin Break",,"We are a small cafe bakery store, providing premium coffee, fresh muffin, and savory food. We are located at Indooroopilly Shopping Centre.
We are looking for new staff to join our team! We are looking for friendly and enthusiastic people that have experience as a barista and in customer service to provide excellent service.
Job Types: Part-time, CasualPart-time hours: 15-30 per week
Benefits:

 Employee discount
 Free drinks

Schedule:

 Flexible schedules
 8 hour shift
 Day shift

Experience:

 Barista: 1 year (Preferred)
 Customer service: 1 year (Preferred)
 Food handling: 1 year (Preferred)

Shift availability:

 Day Shift (Preferred)

Job Types: Part-time, Casual, Full-timePart-time hours: 15-38 per week
Salary: $22.46 – $33.35 per hour
Schedule:

 8 hour shift
 Afternoon shift
 Day shift
 Morning shift

Ability to commute/relocate:

 Indooroopilly, QLD 4068: Reliably commute or planning to relocate before starting work (Required)

Experience:

 Barista: 1 year (Required)
 Customer service: 1 year (Required)
 Food handling: 1 year (Required)

Work Authorisation:

 Australia (Preferred)
",,"081e357751a722f1",,"Full-time","Part-time","Casual",,"Indooroopilly QLD 4068","Barista/Café All-rounder","30+ days ago",,,"$22.46 - $33.35 an hour","2023-02-04T16:02:39.238Z","https://au.indeed.com/company/Indooroopilly-Shopping-Center-Food-Court/jobs/Barista-Caf%C3%A9-Rounder-081e357751a722f1?fccid=05da758116c054f4&vjs=3"
"Vend marketplace",,"We are looking for an inspiring team member who can bring their positivity and bubbly personality to join our Café team at Vend! In addition, energy and excellent customer service skills that continually provides our customers with the best dining experience is essential at Vend.
What is Vend?Vend is a retail and dining precinct that houses over 100 small local businesses. We are located in Virginia on Sandgate Road. We have been operating for just over 2 years now! We are the destination for shopping, greenhouse, café and dining!
About you:You are someone who possess a bubbly, approachable and friendly personality. You are willing to go the extra mile with assisting our customers. You are proactive and use your initiative.Weekend availability is essential. Previous experience is strongly preferred, however not essential. 15-25 hours per week on offer.
Job Types: Part-time, CasualPart-time hours: 15-25 per week
Salary: $22.00 – $35.00 per hour
Benefits:

 Employee discount
 Free drinks

Schedule:

 Day shift
 Weekend availability

Supplemental pay types:

 Penalty rates
",,"12ade70b23668531",,"Part-time","Casual",,,"Virginia QLD 4014","Café Barista/Café All Rounder","30+ days ago",,,"$22 - $35 an hour","2023-02-04T16:02:39.834Z","https://au.indeed.com/company/Vend-marketplace/jobs/Caf%C3%A9-Barista-Caf%C3%A9-Rounder-12ade70b23668531?fccid=d2b6a0cbb1f0393e&vjs=3"
"Area 51",,"
 
  Friendly and outgoing
  Extremely organized
  Flexible
  Have at least 6 months experience in hospitality
  Excellent social skills
  Have dedication and pride in every task carried out
  Have a love for hospitality
  Have a “can do” attitude with a drive to deliver excellence in customer service
  Be looking to work for a period of 6 months minimum.
  Barista is a big plus
  Weekend work is involved.
  Have very good English
 
  
  If you don’t have one of these requirements please DO NOT apply. 
  Send your resume with a cover letter detailing why you want this position and why you are the best person for the job to: cafe@area51bne.com
 


 
  
   
    
     Important Notes
     
   
   
    
     Area 51 operates under the Amusement Events and Recreation Award
      
      All employees must be eligible for work in Australia 
      All employees must have the ability to obtain a Working with Children Blue Card 
      First Aid Certificate Highly desirable 
      In house training provided for all roles
    
   
  
 
","https://au.indeed.com/applystart?jk=32ab78174482345f&from=vj&pos=bottom&mvj=0&spon=0&sjdu=hRwN7ZEmreW7Llj-KJtT7dVzP3FOWDzEYuqJ7eeH0b3HIRxmZUnUcVHFjdFUxDCn&vjfrom=serp&astse=10e5e493860a0e21&assa=9164","32ab78174482345f",,"Full-time","Casual",,,"Underwood QLD 4119","Full Time and Casual Kitchen Hand and Cafe All Rounder","30+ days ago",,,,"2023-02-04T16:02:40.124Z","https://au.indeed.com/rc/clk?jk=32ab78174482345f&fccid=8be238c6807b315c&vjs=3"
"Locale",,"Key Duties:
· Preparation and service of food, including baking and brunch style menu, specialising in traditional and Italian influenced food AND/OR preparation and service of beverages, including coffee
· Assist with customer service
· Assist with general cleaning duties
· Assist with stock management as required
· Assist with preparation and service of food for catering, private functions and other events (ad hoc)
· Work to health and safety standards at all times
· Educate customers on Italian cuisine where required
Requirements:
· Good knowledge and skills in either food preparation or Italian food
· Strong interpersonal skills
· Friendly and helpful attitude
· Proven ability to retain information and work unsupervised
· Presentation in a professional manner (well presented, hygiene and uniform)
· Commitment to excellence in customer service and product knowledge
Job Types: Full-time, Part-time, Casual
Salary: $25.00 – $30.00 per hour
Benefits:

 Employee discount

Schedule:

 8 hour shift
 Day shift
 Monday to Friday

COVID-19 considerations:All COVID-19 government, health and safety mandates are adhered to as part of this role.
Application Question(s):

 If you were to be our new successful team member, what are you looking for in in this role?

Experience:

 Barista: 1 year (Preferred)
 Cooking: 2 years (Preferred)

Language:

 English (Required)
",,"e01d81d205dfdad7",,"Full-time","Part-time","Casual",,"Newstead QLD 4006","Café All Rounder","30+ days ago",,,"$25 - $30 an hour","2023-02-04T16:02:40.335Z","https://au.indeed.com/company/Mangiare-Plus-Pty-Ltd/jobs/Caf%C3%A9-Rounder-e01d81d205dfdad7?fccid=785c2fb7d7b493c8&vjs=3"
"Hannah Business Trust",,"Brisbane Cafe has a position for a Barista/ Cafe All rounder.
Monday to Friday
Breakfast & Lunch
30-40 Hours per week
Job Types: Full-time, Casual
Salary: $26.00 – $28.00 per hour
Schedule:

 Day shift

Experience:

 Cafe: 1 year (Preferred)
 Barista: 1 year (Preferred)
 Food handling: 1 year (Preferred)
",,"f234d6a565e6b6b4",,"Full-time","Casual",,,"Brisbane QLD 4000","Café Barista / All Rounder","30+ days ago",,,"$26 - $28 an hour","2023-02-04T16:02:40.886Z","https://au.indeed.com/company/LA-LUCA/jobs/Caf%C3%A9-Barista-f234d6a565e6b6b4?fccid=1c7b4c54cc92f302&vjs=3"
"Peacock & Peony",,"Preferably 2-3 years experience in a barista role or worked in a busy cafe environment. 20+ hrs for the right person and you'll be responsible for opening and closing the shop as necessary. POS, floor and customer service skills will be handy. We use the Restaurant Awards Rate.
Job Type: Casual
Schedule:

 8 hour shift
 Afternoon shift
 Day shift
 Flexible hours
 Monday to Friday
 Morning shift
 Rotating roster
 Weekend availability

Ability to commute/relocate:

 Mitchelton, QLD 4053: Reliably commute or planning to relocate before starting work (Required)

Experience:

 Barista: 2 years (Required)
 Customer service: 1 year (Preferred)
 Food handling: 1 year (Preferred)

Work Authorisation:

 Australia (Required)

Expected Start Date: 28/11/2022",,"a5fcc64a63ecabff",,"Casual",,,,"Mitchelton QLD 4053","Barista/All Rounder","30+ days ago",,,,"2023-02-04T16:02:41.466Z","https://au.indeed.com/company/Peacock-&-Peony/jobs/Barista-Rounder-a5fcc64a63ecabff?fccid=0695378deaf710a7&vjs=3"
"Zacs Bistro",,"Here at Zacs Bistro, we are one big family. A family run business, passionate about providing good service, quality food and having fun whilst doing it!
We are looking for 2 casual Cafe Allrounders to join our team! Zac’s Bistro is based in the Metroplex Industrial Estate at Murrarie and is a mix between takeaway and café style food. We cater many different types of food & drinks including; sandwiches, cakes, hot food, menu breakfasts & lunches, roast, coffee, daily specials and more!
Your role will include…- Preparing high volume of sandwiches, wraps and salads- Serving and providing high level of customer service- Making high volumes of coffee and iced drinks- Cleaning store throughout the day and assisting with opening and closing procedures- Restocking shelves, drinks fridges, packaging etc.
What we are looking for…- You are a confident individual who thrives working in a high pressure fast paced environment- You are someone who is highly organized and has a strong attention to detail- You care about your work and the work of your team- You’re an eager team-player who likes to pitch in and help- You have a love for quality food and good customer service- Barista experience preferred
What is on offer…- 25+ hours with the ability for this to increase based on performance- Monday – Friday between 6am – 4pm (yes no weekends involved!)- Come and work within a great team environment
Job Type: Casual
Salary: From $29.23 per hour
Schedule:

 Day shift
 Monday to Friday

Application Question(s):

 Have you checked our location? is Murarrie a reasonable commute from your current accommodation

Language:

 English Fluently (Preferred)

Shift availability:

 Day Shift (Preferred)
",,"63543e96e42f1db8",,"Casual",,,,"Murarrie QLD 4172","Café All Rounder","30+ days ago",,,"From $29.23 an hour","2023-02-04T16:02:42.082Z","https://au.indeed.com/company/Zacs-Bistro/jobs/Caf%C3%A9-Rounder-63543e96e42f1db8?fccid=3697b724e504ab57&vjs=3"
"Locale",,"We are a small, busy family run business looking for someone to join our team.
The key aspect of the role will be to work in the front of house, including preparation and service of all hot and cold beverages, and as such are looking for the following skills:

 preparation and service of beverages, including coffee ability to work fast, efficiently and under pressure
 assist with basic food preparation and/or service as required to support the team
 consistent and work to very high standards
 exceptional customer service skills as we have a very open kitchen and will be required to liaise with customers at all times
 a positive can do attitude
 are reliable and punctual
 can proactively and independently manage the preparation and service of all beverages, including responsible service of alcohol
 willingness to assist with preparation and service of food for catering, private functions and other events (ad hoc)
 proven experience in checking stock delivery, stock rotation and stocktake to assist the team
 willing to do open and close shifts and undertake general cleaning duties as it is very much a collaborative working environent with a small team
 good knowledge or a willingness to obtain knowledge and/or skills in the full beverage menu and Italian menu with a commitment to excellence in customer service and product knowledge
 strong interpersonal skills including a friendly and helpful attitude·
 proven ability to retain information and work unsupervised·
 presentation in a professional manner (well presented, hygiene and uniform)·

With a small open kitchen and service environment, a family environment and a very ""community"" based clientele, this job is all about creating memorable experiences and rapport with customers and the extended family.
Minimum 12 months previous coffee making experience is essential.
Responsible service of alcohol accreditation is essential.
Training will be provided for any skills not held to the right candidate.
Interested candidates must submit a current resume with details of specific skills and previous experience applicable to the role.
Only shortlisted candidates will be contacted.
Job Types: Permanent, Casual, Part-time
Salary: $25.00 – $30.00 per hour
Benefits:

 Employee discount

Schedule:

 Day shift

Experience:

 Barista: 1 year (Preferred)

Language:

 English (Required)

Work Authorisation:

 Australia (Required)
",,"60eee284ed6f0849",,"Part-time","Casual","Permanent",,"Newstead QLD 4006","Barista / Café All Rounder","30+ days ago",,,"$25 - $30 an hour","2023-02-04T16:02:42.132Z","https://au.indeed.com/company/Mangiare-Plus-Pty-Ltd/jobs/Barista-60eee284ed6f0849?fccid=785c2fb7d7b493c8&vjs=3"
"Shingle Inn",,"Are you a people person who loves to help and delight customers using your outstanding customer service skills? Do you enjoy working in a fun and fast paced team environment?
We are seeking a Casual and Part time Café All-Rounders with barista and Kitchen Hand experience to work in our Shingle Inn Store. If you have a passion for customer service, good organisational skills and enjoy working in a fast paced café environment we encourage you apply.
With over 85 years experience Shingle Inn is a truly unique café, serving our handmade, decadent cakes, delicious food and superior coffee! We are committed to providing superior products and exceptional customer service.
All-rounder duties include:

 Providing quick, efficient and polite service at all times
 Promoting and upselling all stock available for purchase
 Developing and expanding your barista knowledge and skills
 Using the point of sale system and cash handling duties
 Constant communication with all team members to ensure service is reaching optimum levels
 Preparing café style menu selections and using kitchen equipment
 Conducting general cleaning duties
 Ensure compliance of workplace, health and safety, and other legislative requirements

To be successful, you will:

 Be committed to delivering exceptional customer service and exceeding your customers' expectations
 Have excellent communication skills
 Be willing to be trained and work in all areas of the cafe
 Be excited about working in a dynamic & busy cafe environment
 Have a passion for great coffee, great food and great service!
 Must have full availability across a 7-day roster
 And finally, have a positive 'can do' attitude and love working as part of a team

Shingle Inn offers an exciting range of roles and career opportunities with a commitment to ongoing training and development. We promote an inclusive and diverse friendly team environment and family culture.
If you’re passionate about coffee, the hospitality industry and share our commitment to fantastic customer service, we want to hear from you. APPLY NOW!!
Job Type: Junior and Senior Positions available
Job Types: Part-time, Casual
Benefits:

 Professional development assistance

Schedule:

 Flexible hours
 Weekend availability

Supplemental pay types:

 Penalty rates
",,"893862713c25da04",,"Part-time","Casual",,,"Mount Ommaney QLD","Cafe All-Rounder - Shingle Inn Mt Ommaney","30+ days ago",,,,"2023-02-04T16:02:42.634Z","https://au.indeed.com/company/Shingle-Inn---Myer-Centre/jobs/Cafe-Rounder-893862713c25da04?fccid=2c3a0360aa499169&vjs=3"
"South Brisbane Wholesale Cakes",,"Do you have experience working in food production, commercial cleaning or perhaps as a kitchen hand?
Are you looking for consistent work, Monday to Friday? Or perhaps you're looking for just 3 to 4 days (we can work around study schedules).
Read on!

 Monday to Friday, 7am to 3:30pm ish
 No weekends or late nights.
 West End location

We're a wholesale dessert business based in West End, we produce plant based sweets in large qty's that we ship all over Australia. We're looking for team members to slice, roll, pack products and clean.
Tasks will vary, they'll include:

 Working with our ball rolling machine, packing the finished product into boxes.
 Assembling packaging and packing products.
 Assisting with packing orders.
 Slicing cake slabs and brownies.
 General set up and pack down.
 Dishes, machine cleaning.

What's really important to us:

 A minimum of two years working within a cleaning role or food production environment. This could be within a cafe, hotel, restaurant, food processing or a commercial cleaning role etc.
 Through understanding of food hygiene practices and you keep a clean work station.
 An enthusiastic, upbeat and hard working attitude (we take this REALLY seriously, our team are positive and friendly, anyone who's a glass half empty kind of person, grunts as their form of communication or doesn't like taking direction - please don't apply).
 You show initiative, if you walk past something on the floor you pick it up. If you notice something needs doing, you do it or bring it to our attention.
 Great communication, when given a direction you're responsive and positive. When asked a question you're not limited to one word answers.
 Reliable, you understand you're part of a team and know that cancelling shifts last minute (genuine sickness excused) will leave your team members struggling to catch up.

The benefits of this role:

 You will enjoy a friendly, efficient team environment with full training provided.
 Consistent work, Monday to Friday.
 Centrally located in West End

We would love to hear from you if you feel you have the personal attributes and skills required to fulfil this role and join our team!
Job Types: Full-time, Part-time, CasualPart-time hours: 30 - 40 per week
Salary: From $26.73 per hour
Schedule:

 10 hour shift
 8 hour shift
 Day shift
 Monday to Friday
 No weekends

COVID-19 considerations:As a wholesaler this is not a customer facing role, you'll be working within a small production team. 
Application Question(s):

 How many days are you hoping for?
 Are you able to speak English fluently to communicate confidently with your team members?

Experience:

 Working with food (kitchen hand, process work etc): 2 years (Preferred)
",,"65be1a9f852b5a12",,"Full-time","Part-time","Casual",,"West End QLD 4101","Bakery All Rounder","20 days ago",,,"From $26.73 an hour","2023-02-04T16:02:43.216Z","https://au.indeed.com/company/Specialty-Bakery-Products/jobs/Bakery-Rounder-65be1a9f852b5a12?fccid=de8f908b535919b8&vjs=3"
"My Chef Trust",,"Brisbane CBD Cafe is looking for a skilled Barista to join our small team.
We are looking for a competent and happy hospitality person.
Need to have a couple years dedicated Barista experience with Cafe all rounder skills.
Monday to Friday 6.30am - 3pm....30-38 hours per week
No weekends
No Public Holidays
Closed Christmas and New Year
Top Hospo Job
Job Types: Full-time, Part-time, CasualPart-time hours: 35 per week
Salary: $20.00 – $30.00 per hour
Schedule:

 Day shift
 Monday to Friday
 No weekends

Experience:

 Barista: 1 year (Preferred)
 Customer service: 1 year (Preferred)
 Food handling: 1 year (Preferred)
",,"2728ba63c0fbf629",,"Full-time","Part-time","Casual",,"Brisbane QLD 4000","Barista","25 days ago",,,,"2023-02-04T16:02:43.490Z","https://au.indeed.com/company/My-Chef-Trust/jobs/Barista-2728ba63c0fbf629?fccid=9dc12327b884f5ff&vjs=3"
"Peach Cafe",,"Looking for an experienced Barista to join our friendly team! Must be available at least one day on the weekend. Must be comfortable working in a very high volume Cafe. Latte art is also needed for the role.
Job Types: Full-time, Part-time, CasualPart-time hours: 25-35 per week
Salary: $28.00 – $35.00 per hour
Benefits:

 Employee discount
 Free drinks

Schedule:

 8 hour shift
 Flexible hours
 Morning shift
 Weekend availability

Ability to commute/relocate:

 Auchenflower, QLD 4066: Reliably commute or planning to relocate before starting work (Required)

Experience:

 Barista: 1 year (Required)
 Customer service: 1 year (Preferred)
 Food handling: 1 year (Preferred)

Work Authorisation:

 Australia (Required)
",,"7178b3c4572994f9",,"Full-time","Part-time","Casual",,"Auchenflower QLD 4066","Barista/All Rounder","30+ days ago",,,"$28 - $35 an hour","2023-02-04T16:02:44.872Z","https://au.indeed.com/company/PEACH-CAFE/jobs/Barista-Rounder-7178b3c4572994f9?fccid=0f447a2bed20834f&vjs=3"
"VEND Marketplace and Cafe Annerley",,"VEND Marketplace and Café is coming to Brisbane's Southside and we are looking for our next Café superstar all rounders!
Vend Café is passionate about community, a welcoming and fun environment and amazing customer service. We are looking for inspiring team members who can bring their positivity and bubbly personality to join our Café team at Vend! In addition, energy and excellent customer service skills that continually provides our customers with the best dining experience is essential at Vend.
What is Vend?Vend is a retail and dining precinct that houses over 100 small local businesses. We are an established brand that has been supporting local businesses for 4 years, with our home base located in Virginia on Sandgate Road. We are the destination for shopping & dining!
About you:You are someone who possess a bubbly, approachable and friendly personality. You are willing to go the extra mile with assisting our customers. You are proactive and use your initiative.Weekend availability is essential. Previous experience is strongly preferred, however not essential. 15-30 hours per week on offer.
Job Type: Casual
Salary: $22.50 – $35.40 per hour
Schedule:

 Day shift
 Weekend availability

Ability to commute/relocate:

 Annerley, QLD 4103: Reliably commute or planning to relocate before starting work (Required)

Work Authorisation:

 Australia (Required)

Shift availability:

 Day Shift (Required)

Expected Start Date: 01/04/2023",,"3b32f138eff33c38",,"Casual",,,,"Annerley QLD 4103","Cafe all rounder & Barista","23 days ago",,,"$22.50 - $35.40 an hour","2023-02-04T16:02:45.034Z","https://au.indeed.com/company/VEND-Marketplace-and-Cafe-Annerley/jobs/Cafe-Rounder-Barista-3b32f138eff33c38?fccid=f32adca9fb5e6b7f&vjs=3"
